brand,platform,account_id,currency,date,granularity,row_count,spend,impressions,clicks,source_timezone
sky,tiktok,7338571937913978882,MXN,2026-08-28,daily,14,3252.99,186890,21907,Etc/GMT+6
sky,tiktok,7338571937913978882,MXN,2026-08-28,hourly,80,3252.99,186890,21907,Etc/GMT+6
sky,tiktok,7338571937913978882,MXN,2026-08-29,daily,11,3184.97,176873,21217,Etc/GMT+6
sky,tiktok,7338571937913978882,MXN,2026-08-29,hourly,75,3184.97,176873,21217,Etc/GMT+6
sky,tiktok,7338571937913978882,MXN,2026-08-30,daily,8,3204.91,183279,21399,Etc/GMT+6
sky,tiktok,7338571937913978882,MXN,2026-08-30,hourly,76,3204.91,183279,21399,Etc/GMT+6
sky,tiktok,7338571937913978882,MXN,2026-08-31,daily,10,2580.44,132946,18473,Etc/GMT+6
sky,tiktok,7338571937913978882,MXN,2026-08-31,hourly,70,2580.44,132946,18473,Etc/GMT+6
sky,tiktok,7338571937913978882,MXN,2026-09-01,daily,10,3194.75,194150,25457,Etc/GMT+6
sky,tiktok,7338571937913978882,MXN,2026-09-01,hourly,98,3194.75,194150,25457,Etc/GMT+6
sky,tiktok,7338571937913978882,MXN,2026-09-02,daily,12,3446.15,208701,25068,Etc/GMT+6
sky,tiktok,7338571937913978882,MXN,2026-09-02,hourly,100,3446.15,208701,25068,Etc/GMT+6
sky,tiktok,7338571937913978882,MXN,2026-09-03,daily,11,3515.99,181392,23816,Etc/GMT+6
sky,tiktok,7338571937913978882,MXN,2026-09-03,hourly,94,3515.99,181392,23816,Etc/GMT+6
sky,tiktok,7338571937913978882,MXN,2026-09-04,daily,8,3376.17,158198,20639,Etc/GMT+6
sky,tiktok,7338571937913978882,MXN,2026-09-04,hourly,86,3376.17,158198,20639,Etc/GMT+6
sky,tiktok,7338571937913978882,MXN,2026-09-05,daily,9,3311.49,156012,20207,Etc/GMT+6
sky,tiktok,7338571937913978882,MXN,2026-09-05,hourly,88,3311.49,156012,20207,Etc/GMT+6
sky,tiktok,7338571937913978882,MXN,2026-09-06,daily,11,3232.08,153056,20550,Etc/GMT+6
sky,tiktok,7338571937913978882,MXN,2026-09-06,hourly,93,3232.08,153056,20550,Etc/GMT+6
sky,tiktok,7338571937913978882,MXN,2026-09-07,daily,8,3362.89,160677,20864,Etc/GMT+6
sky,tiktok,7338571937913978882,MXN,2026-09-07,hourly,83,3362.89,160677,20864,Etc/GMT+6
sky,tiktok,7338571937913978882,MXN,2026-09-08,daily,9,3309.82,163137,20197,Etc/GMT+6
sky,tiktok,7338571937913978882,MXN,2026-09-08,hourly,86,3309.82,163137,20197,Etc/GMT+6
sky,tiktok,7338571937913978882,MXN,2026-09-09,daily,12,3237.77,157430,21110,Etc/GMT+6
sky,tiktok,7338571937913978882,MXN,2026-09-09,hourly,94,3237.77,157430,21110,Etc/GMT+6
sky,tiktok,7338571937913978882,MXN,2026-09-10,daily,12,3411.43,183259,29767,Etc/GMT+6
sky,tiktok,7338571937913978882,MXN,2026-09-10,hourly,88,3411.43,183259,29767,Etc/GMT+6
sky,tiktok,7338571937913978882,MXN,2026-09-11,daily,11,3270.27,211982,28160,Etc/GMT+6
sky,tiktok,7338571937913978882,MXN,2026-09-11,hourly,85,3270.27,211982,28160,Etc/GMT+6
sky,tiktok,7338571937913978882,MXN,2026-09-12,daily,9,3093.85,208435,30717,Etc/GMT+6
sky,tiktok,7338571937913978882,MXN,2026-09-12,hourly,89,3093.85,208435,30717,Etc/GMT+6
sky,tiktok,7338571937913978882,MXN,2026-09-13,daily,11,3088.46,208475,29701,Etc/GMT+6
sky,tiktok,7338571937913978882,MXN,2026-09-13,hourly,87,3088.46,208475,29701,Etc/GMT+6
sky,tiktok,7338571937913978882,MXN,2026-09-14,daily,13,3487.41,216352,27430,Etc/GMT+6
sky,tiktok,7338571937913978882,MXN,2026-09-14,hourly,87,3487.41,216352,27430,Etc/GMT+6
sky,tiktok,7338571937913978882,MXN,2026-09-15,daily,13,3335.72,207064,26179,Etc/GMT+6
sky,tiktok,7338571937913978882,MXN,2026-09-15,hourly,94,3335.72,207064,26179,Etc/GMT+6
sky,tiktok,7338571937913978882,MXN,2026-09-16,daily,13,3193.96,196362,28787,Etc/GMT+6
sky,tiktok,7338571937913978882,MXN,2026-09-16,hourly,91,3193.96,196362,28787,Etc/GMT+6
sky,tiktok,7338571937913978882,MXN,2026-09-17,daily,10,3501.88,206858,31318,Etc/GMT+6
sky,tiktok,7338571937913978882,MXN,2026-09-17,hourly,79,3501.88,206858,31318,Etc/GMT+6
sky,tiktok,7338571937913978882,MXN,2026-09-18,daily,10,3284.46,213887,27548,Etc/GMT+6
sky,tiktok,7338571937913978882,MXN,2026-09-18,hourly,80,3284.46,213887,27548,Etc/GMT+6
sky,tiktok,7338571937913978882,MXN,2026-09-19,daily,11,3152.57,213614,30886,Etc/GMT+6
sky,tiktok,7338571937913978882,MXN,2026-09-19,hourly,85,3152.57,213614,30886,Etc/GMT+6
sky,tiktok,7338571937913978882,MXN,2026-09-20,daily,10,3347.28,229690,31442,Etc/GMT+6
sky,tiktok,7338571937913978882,MXN,2026-09-20,hourly,81,3347.28,229690,31442,Etc/GMT+6
sky,tiktok,7338571937913978882,MXN,2026-09-21,daily,14,3445.7,217801,26631,Etc/GMT+6
sky,tiktok,7338571937913978882,MXN,2026-09-21,hourly,85,3445.7,217801,26631,Etc/GMT+6
sky,tiktok,7338571937913978882,MXN,2026-09-22,daily,10,3203.3,199272,24359,Etc/GMT+6
sky,tiktok,7338571937913978882,MXN,2026-09-22,hourly,79,3203.3,199272,24359,Etc/GMT+6
sky,tiktok,7338571937913978882,MXN,2026-09-23,daily,10,3422.32,221042,24478,Etc/GMT+6
sky,tiktok,7338571937913978882,MXN,2026-09-23,hourly,73,3422.32,221042,24478,Etc/GMT+6
sky,tiktok,7338571937913978882,MXN,2026-09-24,daily,11,3409.93,198680,22738,Etc/GMT+6
sky,tiktok,7338571937913978882,MXN,2026-09-24,hourly,79,3409.93,198680,22738,Etc/GMT+6
sky,tiktok,7338571937913978882,MXN,2026-09-25,daily,7,3539.34,212684,24349,Etc/GMT+6
sky,tiktok,7338571937913978882,MXN,2026-09-25,hourly,75,3539.34,212684,24349,Etc/GMT+6
sky,tiktok,7338571937913978882,MXN,2026-09-26,daily,12,3326.3,190106,22618,Etc/GMT+6
sky,tiktok,7338571937913978882,MXN,2026-09-26,hourly,78,3326.3,190106,22618,Etc/GMT+6
sky,tiktok,7338571937913978882,MXN,2026-09-27,daily,11,3252.89,177397,23655,Etc/GMT+6
sky,tiktok,7338571937913978882,MXN,2026-09-27,hourly,71,3252.89,177397,23655,Etc/GMT+6
sky,tiktok,7338571937913978882,MXN,2026-09-28,daily,6,3394.31,177012,20589,Etc/GMT+6
sky,tiktok,7338571937913978882,MXN,2026-09-28,hourly,69,3394.31,177012,20589,Etc/GMT+6
sky,tiktok,7338571937913978882,MXN,2026-09-29,daily,12,3417.24,169963,19392,Etc/GMT+6
sky,tiktok,7338571937913978882,MXN,2026-09-29,hourly,75,3417.24,169963,19392,Etc/GMT+6
sky,tiktok,7338571937913978882,MXN,2026-09-30,daily,11,2934.27,147478,19900,Etc/GMT+6
sky,tiktok,7338571937913978882,MXN,2026-09-30,hourly,74,2934.27,147478,19900,Etc/GMT+6
sky,tiktok,7338571937913978882,MXN,2026-10-01,daily,6,1762.45,143732,15146,Etc/GMT+6
sky,tiktok,7338571937913978882,MXN,2026-10-01,hourly,59,1762.45,143732,15146,Etc/GMT+6
sky,tiktok,7545502925565771792,MXN,2026-08-28,daily,3,776.97,211742,0,Etc/GMT+6
sky,tiktok,7545502925565771792,MXN,2026-08-28,hourly,50,776.97,211742,0,Etc/GMT+6
sky,tiktok,7545502925565771792,MXN,2026-08-29,daily,3,750.18,173586,0,Etc/GMT+6
sky,tiktok,7545502925565771792,MXN,2026-08-29,hourly,49,750.18,173586,0,Etc/GMT+6
sky,tiktok,7545502925565771792,MXN,2026-08-30,daily,3,704.33,126367,0,Etc/GMT+6
sky,tiktok,7545502925565771792,MXN,2026-08-30,hourly,49,704.33,126367,0,Etc/GMT+6
sky,tiktok,7545502925565771792,MXN,2026-08-31,daily,2,636.69,96603,0,Etc/GMT+6
sky,tiktok,7545502925565771792,MXN,2026-08-31,hourly,48,636.69,96603,0,Etc/GMT+6
sky,tiktok,7545502925565771792,MXN,2026-09-01,daily,4,725.4,143723,3,Etc/GMT+6
sky,tiktok,7545502925565771792,MXN,2026-09-01,hourly,95,725.4,143723,3,Etc/GMT+6
sky,tiktok,7545502925565771792,MXN,2026-09-02,daily,5,743.3,143515,0,Etc/GMT+6
sky,tiktok,7545502925565771792,MXN,2026-09-02,hourly,94,743.3,143515,0,Etc/GMT+6
sky,tiktok,7545502925565771792,MXN,2026-09-03,daily,4,735.82,127860,0,Etc/GMT+6
sky,tiktok,7545502925565771792,MXN,2026-09-03,hourly,83,735.82,127860,0,Etc/GMT+6
sky,tiktok,7545502925565771792,MXN,2026-09-04,daily,4,715.98,117253,0,Etc/GMT+6
sky,tiktok,7545502925565771792,MXN,2026-09-04,hourly,76,715.98,117253,0,Etc/GMT+6
sky,tiktok,7545502925565771792,MXN,2026-09-05,daily,4,718.3,123540,1,Etc/GMT+6
sky,tiktok,7545502925565771792,MXN,2026-09-05,hourly,73,718.3,123540,1,Etc/GMT+6
sky,tiktok,7545502925565771792,MXN,2026-09-06,daily,6,699.53,112623,0,Etc/GMT+6
sky,tiktok,7545502925565771792,MXN,2026-09-06,hourly,72,699.53,112623,0,Etc/GMT+6
sky,tiktok,7545502925565771792,MXN,2026-09-07,daily,4,717.08,89786,0,Etc/GMT+6
sky,tiktok,7545502925565771792,MXN,2026-09-07,hourly,64,717.08,89786,0,Etc/GMT+6
sky,tiktok,7545502925565771792,MXN,2026-09-08,daily,4,707.52,94948,2,Etc/GMT+6
sky,tiktok,7545502925565771792,MXN,2026-09-08,hourly,58,707.52,94948,2,Etc/GMT+6
sky,tiktok,7545502925565771792,MXN,2026-09-09,daily,4,759.77,88404,0,Etc/GMT+6
sky,tiktok,7545502925565771792,MXN,2026-09-09,hourly,56,759.77,88404,0,Etc/GMT+6
sky,tiktok,7545502925565771792,MXN,2026-09-10,daily,4,705.57,87300,0,Etc/GMT+6
sky,tiktok,7545502925565771792,MXN,2026-09-10,hourly,63,705.57,87300,0,Etc/GMT+6
sky,tiktok,7545502925565771792,MXN,2026-09-11,daily,5,712.91,110805,1,Etc/GMT+6
sky,tiktok,7545502925565771792,MXN,2026-09-11,hourly,57,712.91,110805,1,Etc/GMT+6
sky,tiktok,7545502925565771792,MXN,2026-09-12,daily,5,687.16,104875,1,Etc/GMT+6
sky,tiktok,7545502925565771792,MXN,2026-09-12,hourly,62,687.16,104875,1,Etc/GMT+6
sky,tiktok,7545502925565771792,MXN,2026-09-13,daily,4,691.29,119387,1,Etc/GMT+6
sky,tiktok,7545502925565771792,MXN,2026-09-13,hourly,56,691.29,119387,1,Etc/GMT+6
sky,tiktok,7545502925565771792,MXN,2026-09-14,daily,4,695.39,109199,1,Etc/GMT+6
sky,tiktok,7545502925565771792,MXN,2026-09-14,hourly,57,695.39,109199,1,Etc/GMT+6
sky,tiktok,7545502925565771792,MXN,2026-09-15,daily,4,686.77,100910,1,Etc/GMT+6
sky,tiktok,7545502925565771792,MXN,2026-09-15,hourly,56,686.77,100910,1,Etc/GMT+6
sky,tiktok,7545502925565771792,MXN,2026-09-16,daily,4,685.39,211798,3,Etc/GMT+6
sky,tiktok,7545502925565771792,MXN,2026-09-16,hourly,52,685.39,211798,3,Etc/GMT+6
sky,tiktok,7545502925565771792,MXN,2026-09-17,daily,4,749.94,190396,1,Etc/GMT+6
sky,tiktok,7545502925565771792,MXN,2026-09-17,hourly,56,749.94,190396,1,Etc/GMT+6
sky,tiktok,7545502925565771792,MXN,2026-09-18,daily,3,702.84,136897,0,Etc/GMT+6
sky,tiktok,7545502925565771792,MXN,2026-09-18,hourly,50,702.84,136897,0,Etc/GMT+6
sky,tiktok,7545502925565771792,MXN,2026-09-19,daily,4,693.91,111575,0,Etc/GMT+6
sky,tiktok,7545502925565771792,MXN,2026-09-19,hourly,53,693.91,111575,0,Etc/GMT+6
sky,tiktok,7545502925565771792,MXN,2026-09-20,daily,6,768.14,164839,0,Etc/GMT+6
sky,tiktok,7545502925565771792,MXN,2026-09-20,hourly,63,768.14,164839,0,Etc/GMT+6
sky,tiktok,7545502925565771792,MXN,2026-09-21,daily,4,737.55,142499,0,Etc/GMT+6
sky,tiktok,7545502925565771792,MXN,2026-09-21,hourly,53,737.55,142499,0,Etc/GMT+6
sky,tiktok,7545502925565771792,MXN,2026-09-22,daily,4,746.74,141968,0,Etc/GMT+6
sky,tiktok,7545502925565771792,MXN,2026-09-22,hourly,51,746.74,141968,0,Etc/GMT+6
sky,tiktok,7545502925565771792,MXN,2026-09-23,daily,4,662.73,118930,1,Etc/GMT+6
sky,tiktok,7545502925565771792,MXN,2026-09-23,hourly,56,662.73,118930,1,Etc/GMT+6
sky,tiktok,7545502925565771792,MXN,2026-09-24,daily,4,634.74,111861,0,Etc/GMT+6
sky,tiktok,7545502925565771792,MXN,2026-09-24,hourly,54,634.74,111861,0,Etc/GMT+6
sky,tiktok,7545502925565771792,MXN,2026-09-25,daily,4,563.16,93283,2,Etc/GMT+6
sky,tiktok,7545502925565771792,MXN,2026-09-25,hourly,52,563.16,93283,2,Etc/GMT+6
sky,tiktok,7545502925565771792,MXN,2026-09-26,daily,4,560.01,114369,0,Etc/GMT+6
sky,tiktok,7545502925565771792,MXN,2026-09-26,hourly,53,560.01,114369,0,Etc/GMT+6
sky,tiktok,7545502925565771792,MXN,2026-09-27,daily,3,479.74,125217,10,Etc/GMT+6
sky,tiktok,7545502925565771792,MXN,2026-09-27,hourly,50,479.74,125217,10,Etc/GMT+6
sky,tiktok,7545502925565771792,MXN,2026-09-28,daily,4,511.67,118009,2,Etc/GMT+6
sky,tiktok,7545502925565771792,MXN,2026-09-28,hourly,50,511.67,118009,2,Etc/GMT+6
sky,tiktok,7545502925565771792,MXN,2026-09-29,daily,3,437.22,76099,1,Etc/GMT+6
sky,tiktok,7545502925565771792,MXN,2026-09-29,hourly,49,437.22,76099,1,Etc/GMT+6
sky,tiktok,7545502925565771792,MXN,2026-09-30,daily,3,364.03,43977,1,Etc/GMT+6
sky,tiktok,7545502925565771792,MXN,2026-09-30,hourly,51,364.03,43977,1,Etc/GMT+6
sky,tiktok,7545502925565771792,MXN,2026-10-01,daily,4,466.31,82714,0,Etc/GMT+6
sky,tiktok,7545502925565771792,MXN,2026-10-01,hourly,77,466.31,82714,0,Etc/GMT+6
izzi,tiktok,7361545670072909840,MXN,2026-08-28,daily,14,4921.92,825531,6165,Etc/GMT+6
izzi,tiktok,7361545670072909840,MXN,2026-08-28,hourly,121,4921.92,825531,6165,Etc/GMT+6
izzi,tiktok,7361545670072909840,MXN,2026-08-29,daily,12,4559.8,453504,6435,Etc/GMT+6
izzi,tiktok,7361545670072909840,MXN,2026-08-29,hourly,139,4559.8,453504,6435,Etc/GMT+6
izzi,tiktok,7361545670072909840,MXN,2026-08-30,daily,12,4492.8,450547,6235,Etc/GMT+6
izzi,tiktok,7361545670072909840,MXN,2026-08-30,hourly,136,4492.8,450547,6235,Etc/GMT+6
izzi,tiktok,7361545670072909840,MXN,2026-08-31,daily,13,5318.43,931578,8326,Etc/GMT+6
izzi,tiktok,7361545670072909840,MXN,2026-08-31,hourly,142,5318.43,931578,8326,Etc/GMT+6
izzi,tiktok,7361545670072909840,MXN,2026-09-01,daily,18,6165.01,1412812,12460,Etc/GMT+6
izzi,tiktok,7361545670072909840,MXN,2026-09-01,hourly,190,6165.01,1412812,12460,Etc/GMT+6
izzi,tiktok,7361545670072909840,MXN,2026-09-02,daily,19,6227.82,1090260,10826,Etc/GMT+6
izzi,tiktok,7361545670072909840,MXN,2026-09-02,hourly,198,6227.82,1090260,10826,Etc/GMT+6
izzi,tiktok,7361545670072909840,MXN,2026-09-03,daily,16,7031.29,1179465,13270,Etc/GMT+6
izzi,tiktok,7361545670072909840,MXN,2026-09-03,hourly,190,7031.29,1179465,13270,Etc/GMT+6
izzi,tiktok,7361545670072909840,MXN,2026-09-04,daily,17,7097.15,1151513,14140,Etc/GMT+6
izzi,tiktok,7361545670072909840,MXN,2026-09-04,hourly,203,7097.15,1151513,14140,Etc/GMT+6
izzi,tiktok,7361545670072909840,MXN,2026-09-05,daily,18,6723.8,1148019,14491,Etc/GMT+6
izzi,tiktok,7361545670072909840,MXN,2026-09-05,hourly,201,6723.8,1148019,14491,Etc/GMT+6
izzi,tiktok,7361545670072909840,MXN,2026-09-06,daily,17,7414.31,1210262,15161,Etc/GMT+6
izzi,tiktok,7361545670072909840,MXN,2026-09-06,hourly,188,7414.31,1210262,15161,Etc/GMT+6
izzi,tiktok,7361545670072909840,MXN,2026-09-07,daily,17,6745.4,1131373,12387,Etc/GMT+6
izzi,tiktok,7361545670072909840,MXN,2026-09-07,hourly,185,6745.4,1131373,12387,Etc/GMT+6
izzi,tiktok,7361545670072909840,MXN,2026-09-08,daily,19,8129.21,1735322,12444,Etc/GMT+6
izzi,tiktok,7361545670072909840,MXN,2026-09-08,hourly,193,8129.21,1735322,12444,Etc/GMT+6
izzi,tiktok,7361545670072909840,MXN,2026-09-09,daily,17,7038.27,1210843,12158,Etc/GMT+6
izzi,tiktok,7361545670072909840,MXN,2026-09-09,hourly,200,7038.27,1210843,12158,Etc/GMT+6
izzi,tiktok,7361545670072909840,MXN,2026-09-10,daily,13,7473,1037447,13684,Etc/GMT+6
izzi,tiktok,7361545670072909840,MXN,2026-09-10,hourly,186,7473,1037447,13684,Etc/GMT+6
izzi,tiktok,7361545670072909840,MXN,2026-09-11,daily,16,6901.33,1027014,12991,Etc/GMT+6
izzi,tiktok,7361545670072909840,MXN,2026-09-11,hourly,196,6901.33,1027014,12991,Etc/GMT+6
izzi,tiktok,7361545670072909840,MXN,2026-09-12,daily,16,6089.96,1080419,13526,Etc/GMT+6
izzi,tiktok,7361545670072909840,MXN,2026-09-12,hourly,177,6089.96,1080419,13526,Etc/GMT+6
izzi,tiktok,7361545670072909840,MXN,2026-09-13,daily,17,7030.84,1273259,14136,Etc/GMT+6
izzi,tiktok,7361545670072909840,MXN,2026-09-13,hourly,190,7030.84,1273259,14136,Etc/GMT+6
izzi,tiktok,7361545670072909840,MXN,2026-09-14,daily,20,7393.27,1525242,9855,Etc/GMT+6
izzi,tiktok,7361545670072909840,MXN,2026-09-14,hourly,191,7393.27,1525242,9855,Etc/GMT+6
izzi,tiktok,7361545670072909840,MXN,2026-09-15,daily,18,6138.62,1387562,5038,Etc/GMT+6
izzi,tiktok,7361545670072909840,MXN,2026-09-15,hourly,188,6138.62,1387562,5038,Etc/GMT+6
izzi,tiktok,7361545670072909840,MXN,2026-09-16,daily,16,5956.7,1128729,6293,Etc/GMT+6
izzi,tiktok,7361545670072909840,MXN,2026-09-16,hourly,177,5956.7,1128729,6293,Etc/GMT+6
izzi,tiktok,7361545670072909840,MXN,2026-09-17,daily,15,4976.33,801485,5753,Etc/GMT+6
izzi,tiktok,7361545670072909840,MXN,2026-09-17,hourly,159,4976.33,801485,5753,Etc/GMT+6
izzi,tiktok,7361545670072909840,MXN,2026-09-18,daily,13,4829.1,593196,5749,Etc/GMT+6
izzi,tiktok,7361545670072909840,MXN,2026-09-18,hourly,135,4829.1,593196,5749,Etc/GMT+6
izzi,tiktok,7361545670072909840,MXN,2026-09-19,daily,13,4988.11,630217,5278,Etc/GMT+6
izzi,tiktok,7361545670072909840,MXN,2026-09-19,hourly,137,4988.11,630217,5278,Etc/GMT+6
izzi,tiktok,7361545670072909840,MXN,2026-09-20,daily,11,5064.64,690277,4987,Etc/GMT+6
izzi,tiktok,7361545670072909840,MXN,2026-09-20,hourly,141,5064.64,690277,4987,Etc/GMT+6
izzi,tiktok,7361545670072909840,MXN,2026-09-21,daily,11,3930.86,317417,4451,Etc/GMT+6
izzi,tiktok,7361545670072909840,MXN,2026-09-21,hourly,134,3930.86,317417,4451,Etc/GMT+6
izzi,tiktok,7361545670072909840,MXN,2026-09-22,daily,14,2325.63,345232,3399,Etc/GMT+6
izzi,tiktok,7361545670072909840,MXN,2026-09-22,hourly,149,2325.63,345232,3399,Etc/GMT+6
izzi,tiktok,7361545670072909840,MXN,2026-09-23,daily,15,1434.26,71060,3339,Etc/GMT+6
izzi,tiktok,7361545670072909840,MXN,2026-09-23,hourly,151,1434.26,71060,3339,Etc/GMT+6
izzi,tiktok,7361545670072909840,MXN,2026-09-24,daily,14,1486.56,22333,3168,Etc/GMT+6
izzi,tiktok,7361545670072909840,MXN,2026-09-24,hourly,118,1486.56,22333,3168,Etc/GMT+6
izzi,tiktok,7361545670072909840,MXN,2026-09-25,daily,11,1208.85,21303,3118,Etc/GMT+6
izzi,tiktok,7361545670072909840,MXN,2026-09-25,hourly,113,1208.85,21303,3118,Etc/GMT+6
izzi,tiktok,7361545670072909840,MXN,2026-09-26,daily,12,1322.05,21741,3418,Etc/GMT+6
izzi,tiktok,7361545670072909840,MXN,2026-09-26,hourly,113,1322.05,21741,3418,Etc/GMT+6
izzi,tiktok,7361545670072909840,MXN,2026-09-27,daily,15,1287.19,18839,3301,Etc/GMT+6
izzi,tiktok,7361545670072909840,MXN,2026-09-27,hourly,110,1287.19,18839,3301,Etc/GMT+6
izzi,tiktok,7361545670072909840,MXN,2026-09-28,daily,12,1530.58,77834,3386,Etc/GMT+6
izzi,tiktok,7361545670072909840,MXN,2026-09-28,hourly,100,1530.58,77834,3386,Etc/GMT+6
izzi,tiktok,7361545670072909840,MXN,2026-09-29,daily,10,1576.14,113518,3074,Etc/GMT+6
izzi,tiktok,7361545670072909840,MXN,2026-09-29,hourly,104,1576.14,113518,3074,Etc/GMT+6
izzi,tiktok,7361545670072909840,MXN,2026-09-30,daily,13,1590.25,86829,2924,Etc/GMT+6
izzi,tiktok,7361545670072909840,MXN,2026-09-30,hourly,105,1590.25,86829,2924,Etc/GMT+6
izzi,tiktok,7361545670072909840,MXN,2026-10-01,daily,12,0.27,10,1,Etc/GMT+6
izzi,tiktok,7361545670072909840,MXN,2026-10-01,hourly,71,0.27,10,1,Etc/GMT+6
izzi,tiktok,7688066712031182866,USD,2026-08-28,daily,0,,,,
izzi,tiktok,7688066712031182866,USD,2026-08-28,hourly,0,,,,
izzi,tiktok,7688066712031182866,USD,2026-08-29,daily,0,,,,
izzi,tiktok,7688066712031182866,USD,2026-08-29,hourly,0,,,,
izzi,tiktok,7688066712031182866,USD,2026-08-30,daily,0,,,,
izzi,tiktok,7688066712031182866,USD,2026-08-30,hourly,0,,,,
izzi,tiktok,7688066712031182866,USD,2026-08-31,daily,0,,,,
izzi,tiktok,7688066712031182866,USD,2026-08-31,hourly,0,,,,
izzi,tiktok,7688066712031182866,USD,2026-09-01,daily,0,,,,
izzi,tiktok,7688066712031182866,USD,2026-09-01,hourly,0,,,,
izzi,tiktok,7688066712031182866,USD,2026-09-02,daily,0,,,,
izzi,tiktok,7688066712031182866,USD,2026-09-02,hourly,0,,,,
izzi,tiktok,7688066712031182866,USD,2026-09-03,daily,0,,,,
izzi,tiktok,7688066712031182866,USD,2026-09-03,hourly,0,,,,
izzi,tiktok,7688066712031182866,USD,2026-09-04,daily,0,,,,
izzi,tiktok,7688066712031182866,USD,2026-09-04,hourly,0,,,,
izzi,tiktok,7688066712031182866,USD,2026-09-05,daily,0,,,,
izzi,tiktok,7688066712031182866,USD,2026-09-05,hourly,0,,,,
izzi,tiktok,7688066712031182866,USD,2026-09-06,daily,0,,,,
izzi,tiktok,7688066712031182866,USD,2026-09-06,hourly,0,,,,
izzi,tiktok,7688066712031182866,USD,2026-09-07,daily,0,,,,
izzi,tiktok,7688066712031182866,USD,2026-09-07,hourly,0,,,,
izzi,tiktok,7688066712031182866,USD,2026-09-08,daily,0,,,,
izzi,tiktok,7688066712031182866,USD,2026-09-08,hourly,0,,,,
izzi,tiktok,7688066712031182866,USD,2026-09-09,daily,0,,,,
izzi,tiktok,7688066712031182866,USD,2026-09-09,hourly,0,,,,
izzi,tiktok,7688066712031182866,USD,2026-09-10,daily,0,,,,
izzi,tiktok,7688066712031182866,USD,2026-09-10,hourly,0,,,,
izzi,tiktok,7688066712031182866,USD,2026-09-11,daily,0,,,,
izzi,tiktok,7688066712031182866,USD,2026-09-11,hourly,0,,,,
izzi,tiktok,7688066712031182866,USD,2026-09-12,daily,0,,,,
izzi,tiktok,7688066712031182866,USD,2026-09-12,hourly,0,,,,
izzi,tiktok,7688066712031182866,USD,2026-09-13,daily,0,,,,
izzi,tiktok,7688066712031182866,USD,2026-09-13,hourly,0,,,,
izzi,tiktok,7688066712031182866,USD,2026-09-14,daily,0,,,,
izzi,tiktok,7688066712031182866,USD,2026-09-14,hourly,0,,,,
izzi,tiktok,7688066712031182866,USD,2026-09-15,daily,0,,,,
izzi,tiktok,7688066712031182866,USD,2026-09-15,hourly,0,,,,
izzi,tiktok,7688066712031182866,USD,2026-09-16,daily,0,,,,
izzi,tiktok,7688066712031182866,USD,2026-09-16,hourly,0,,,,
izzi,tiktok,7688066712031182866,USD,2026-09-17,daily,0,,,,
izzi,tiktok,7688066712031182866,USD,2026-09-17,hourly,0,,,,
izzi,tiktok,7688066712031182866,USD,2026-09-18,daily,0,,,,
izzi,tiktok,7688066712031182866,USD,2026-09-18,hourly,0,,,,
izzi,tiktok,7688066712031182866,USD,2026-09-19,daily,0,,,,
izzi,tiktok,7688066712031182866,USD,2026-09-19,hourly,0,,,,
izzi,tiktok,7688066712031182866,USD,2026-09-20,daily,0,,,,
izzi,tiktok,7688066712031182866,USD,2026-09-20,hourly,0,,,,
izzi,tiktok,7688066712031182866,USD,2026-09-21,daily,0,,,,
izzi,tiktok,7688066712031182866,USD,2026-09-21,hourly,0,,,,
izzi,tiktok,7688066712031182866,USD,2026-09-22,daily,0,,,,
izzi,tiktok,7688066712031182866,USD,2026-09-22,hourly,0,,,,
izzi,tiktok,7688066712031182866,USD,2026-09-23,daily,0,,,,
izzi,tiktok,7688066712031182866,USD,2026-09-23,hourly,0,,,,
izzi,tiktok,7688066712031182866,USD,2026-09-24,daily,0,,,,
izzi,tiktok,7688066712031182866,USD,2026-09-24,hourly,0,,,,
izzi,tiktok,7688066712031182866,USD,2026-09-25,daily,1,5.37,120,29,Etc/GMT+6
izzi,tiktok,7688066712031182866,USD,2026-09-25,hourly,8,5.37,120,29,Etc/GMT+6
izzi,tiktok,7688066712031182866,USD,2026-09-26,daily,1,0,0,0,Etc/GMT+6
izzi,tiktok,7688066712031182866,USD,2026-09-26,hourly,19,0,0,0,Etc/GMT+6
izzi,tiktok,7688066712031182866,USD,2026-09-27,daily,0,,,,
izzi,tiktok,7688066712031182866,USD,2026-09-27,hourly,0,,,,
izzi,tiktok,7688066712031182866,USD,2026-09-28,daily,0,,,,
izzi,tiktok,7688066712031182866,USD,2026-09-28,hourly,0,,,,
izzi,tiktok,7688066712031182866,USD,2026-09-29,daily,0,,,,
izzi,tiktok,7688066712031182866,USD,2026-09-29,hourly,0,,,,
izzi,tiktok,7688066712031182866,USD,2026-09-30,daily,0,,,,
izzi,tiktok,7688066712031182866,USD,2026-09-30,hourly,0,,,,
izzi,tiktok,7688066712031182866,USD,2026-10-01,daily,0,,,,
izzi,tiktok,7688066712031182866,USD,2026-10-01,hourly,0,,,,
